{"cameraMode":{"drawMode":0,"name":"Shaded","section":"Shading Mode"},"sceneLighting":false,"audioPlay":false,"sceneViewState":{"showFog":true,"showMaterialUpdate":false,"showSkybox":false,"showFlares":true,"showImageEffects":true,"showParticleSystems":true,"showVisualEffectGraphs":true,"m_FxEnabled":true},"in2DMode":false,"pivot":{"x":-0.9137851595878601,"y":-0.19065973162651063,"z":-1.1073366403579713},"rotation":{"x":-0.01830534264445305,"y":0.01859346032142639,"z":-0.00033970552613027394,"w":-0.9996627569198608},"size":3.3073947429656984,"orthographic":false}