{"cameraMode":{"drawMode":0,"name":"Shaded","section":"Shading Mode"},"sceneLighting":false,"audioPlay":false,"sceneViewState":{"showFog":true,"showMaterialUpdate":false,"showSkybox":false,"showFlares":true,"showImageEffects":true,"showParticleSystems":true,"showVisualEffectGraphs":true,"m_FxEnabled":true},"in2DMode":false,"pivot":{"x":1.5190463066101075,"y":-1.1399978399276734,"z":-0.1263917088508606},"rotation":{"x":0.01625729538500309,"y":-0.9464735984802246,"z":0.04831678792834282,"w":0.31881529092788699},"size":1.899111270904541,"orthographic":false}