{"cameraMode":{"drawMode":0,"name":"Shaded","section":"Shading Mode"},"sceneLighting":true,"audioPlay":false,"sceneViewState":{"showFog":true,"showMaterialUpdate":false,"showSkybox":true,"showFlares":true,"showImageEffects":true,"showParticleSystems":true,"showVisualEffectGraphs":true,"m_FxEnabled":true},"in2DMode":false,"pivot":{"x":10.091689109802246,"y":4.40959358215332,"z":-51.256797790527347},"rotation":{"x":0.21579447388648988,"y":0.0006003004382364452,"z":-0.00011727037053788081,"w":0.9764665365219116},"size":8.5690279006958,"orthographic":false}